<?xml version="1.0" encoding="UTF-8" standalone="yes"?>
<addon id="repository.wolf-team" name="Wolf-Team official Repo" version="1.0.0" provider-name="WolfTeam">
	<extension point="xbmc.addon.repository" name="Wolf-Team official Repo">
		<info compressed="false">https://raw.github.com/EquipoWolf/wolfteam/master/addons.xml</info>
		<checksum>https://raw.github.com/EquipoWolf/wolfteam/master/addons.xml.md5</checksum>
		<datadir zip="true">https://raw.github.com/EquipoWolf/wolfteam/master/</datadir>
	</extension>
	<extension point="xbmc.addon.metadata">
		<summary>Wolf-Team official Repo</summary>
   		<description lang="en">Instala los Addons de Wolf.</description>
		<disclaimer></disclaimer>
		<platform>all</platform>
	</extension>
</addon>


