<?xml version="1.0" encoding="UTF-8" standalone="yes"?>
<addon id="plugin.program.Kali" name="Kali Wizard" version="1.0" provider-name="Kali">
  <requires>
    <import addon="xbmc.python" version="2.1.0"/>
  </requires>
  <extension point="xbmc.python.pluginsource" library="default.py">
        <provides>executable</provides>
  </extension>
  <extension point="xbmc.addon.metadata">
    <summary>Kali Wizard</summary>
    <description>Easy Update Your Kodi Install</description>
    <platform>all</platform> 
  </extension>
</addon>
